id,property_id,source_name,url,type,title,description,price,surface,rooms,region,zone,city,municipalite,latitude,longitude,pdf_link,images,features,scraped_at,last_update,transaction_type,currency,raw_data_path,poi
18,1010813,tunisieannonce,http://www.tunisie-annonce.com/AnnoncesImmobilier.asp?rech_cod_pay=TN&rech_cod_vil=10108&rech_cod_loc=1010813,App. 3 Pièc,S1 très haut standing me,S1 très haut standing me,1100.0,,,El Menzah 9,,El Menzah 9,,,,,[],"{'price_text': '1 100', 'data_quality_score': 100.0}",2026-02-21 10:02:40.444574,2026-02-20,Rent,TND,,[]
179,1010407,tunisieannonce,http://www.tunisie-annonce.com/AnnoncesImmobilier.asp?rech_cod_pay=TN&rech_cod_vil=10104&rech_cod_loc=1010407,Surfaces,Usine et administration,Usine et administration,15000.0,,,El Charguia,,El Charguia,,,,,[],"{'price_text': '15 000', 'data_quality_score': 100.0}",2026-02-21 10:02:40.443482,2026-02-20,Rent,TND,,[]
1,1030335,tunisieannonce,http://www.tunisie-annonce.com/AnnoncesImmobilier.asp?rech_cod_pay=TN&rech_cod_vil=10303&rech_cod_loc=1030335,App. 3 Pièc,Villa mourouj 6,Villa mourouj 6,750000.0,,,El Mourouj,,El Mourouj,,,,,[],"{'price_text': '750 000', 'data_quality_score': 100.0}",2026-02-21 10:02:40.443482,2026-02-20,Sale,TND,,[]
182,1010814,tunisieannonce,http://www.tunisie-annonce.com/AnnoncesImmobilier.asp?rech_cod_pay=TN&rech_cod_vil=10108&rech_cod_loc=1010814,Maisons,Charmante villa avec jar,Charmante villa avec jar,4000.0,,,Mutuelle Ville,,Mutuelle Ville,,,,,[],"{'price_text': '4 000', 'data_quality_score': 100.0}",2026-02-21 10:02:40.443482,2026-02-20,Rent,TND,,[]
180,1030529,tunisieannonce,http://www.tunisie-annonce.com/AnnoncesImmobilier.asp?rech_cod_pay=TN&rech_cod_vil=10305&rech_cod_loc=1030529,Surfaces,Ferme à naasseen,Ferme à naasseen,920000.0,,,Naassen,,Naassen,,,,,[],"{'price_text': '920 000', 'data_quality_score': 100.0}",2026-02-21 10:02:40.443482,2026-02-20,Sale,TND,,[]
34,1011701,tunisieannonce,http://www.tunisie-annonce.com/AnnoncesImmobilier.asp?rech_cod_pay=TN&rech_cod_vil=10117&rech_cod_loc=1011701,App. 4 Pièc,Villa haut standing s6,Villa haut standing s6,9500.0,,,Berge Du Lac,,Berge Du Lac,,,,,[],"{'price_text': '9 500', 'data_quality_score': 100.0}",2026-02-21 10:02:40.443482,2026-02-20,Rent,TND,,[]
8,1020115,tunisieannonce,http://www.tunisie-annonce.com/AnnoncesImmobilier.asp?rech_cod_pay=TN&rech_cod_vil=10201&rech_cod_loc=1020115,App. 5 Pièc,S2 près mg enasser2,S2 près mg enasser2,1100.0,,,Cite Ennasr 2,,Cite Ennasr 2,,,,,[],"{'price_text': '1 100', 'data_quality_score': 100.0}",2026-02-21 10:02:40.443482,2026-02-20,Rent,TND,,[]
174,1171012,tunisieannonce,http://www.tunisie-annonce.com/AnnoncesImmobilier.asp?rech_cod_pay=TN&rech_cod_vil=11710&rech_cod_loc=1171012,Terrain Nu,Terrain de 277 m vue sur,Terrain de 277 m vue sur,90000.0,,,Kelibia,,Kelibia,,,,,[],"{'price_text': '90 000', 'data_quality_score': 100.0}",2026-02-21 10:02:40.443482,2026-02-20,Sale,TND,,[]
183,1140103,tunisieannonce,http://www.tunisie-annonce.com/AnnoncesImmobilier.asp?rech_cod_pay=TN&rech_cod_vil=11401&rech_cod_loc=1140103,Maisons,Belle villa borj el amri,Belle villa borj el amri,430000.0,,,Borj El Amri,,Borj El Amri,,,,,[],"{'price_text': '430 000', 'data_quality_score': 100.0}",2026-02-21 10:02:40.443482,2026-02-20,Sale,TND,,[]
177,1210409,tunisieannonce,http://www.tunisie-annonce.com/AnnoncesImmobilier.asp?rech_cod_pay=TN&rech_cod_vil=12104&rech_cod_loc=1210409,App. 3 Pièc,S2 a rue sidi kantao,S2 a rue sidi kantao,580000.0,,,El Kantaoui,,El Kantaoui,,,,,[],"{'price_text': '580 000', 'data_quality_score': 100.0}",2026-02-21 10:02:40.443482,2026-02-20,Sale,TND,,[]
12,1011732,tunisieannonce,http://www.tunisie-annonce.com/AnnoncesImmobilier.asp?rech_cod_pay=TN&rech_cod_vil=10117&rech_cod_loc=1011732,App. 4 Pièc,Villa plein pieds s3,Villa plein pieds s3,2700.0,,,Marsa Safsaf,,Marsa Safsaf,,,,,[],"{'price_text': '2 700', 'data_quality_score': 100.0}",2026-02-21 10:02:40.442570,2026-02-20,Rent,TND,,[]
28,1020135,tunisieannonce,http://www.tunisie-annonce.com/AnnoncesImmobilier.asp?rech_cod_pay=TN&rech_cod_vil=10201&rech_cod_loc=1020135,App. 2 Pièc,S1 1600 d meublé riadh a,S1 1600 d meublé riadh a,1600.0,,,Riadh Landlous,,Riadh Landlous,,,,,[],"{'price_text': '1 600', 'data_quality_score': 100.0}",2026-02-21 10:02:40.442570,2026-02-20,Rent,TND,,[]
164,1010409,tunisieannonce,http://www.tunisie-annonce.com/AnnoncesImmobilier.asp?rech_cod_pay=TN&rech_cod_vil=10104&rech_cod_loc=1010409,Bureau,S2 1600d centre urbain n,S2 1600d centre urbain n,1600.0,,,Zone urbaine no,,Zone urbaine no,,,,,[],"{'price_text': '1 600', 'data_quality_score': 100.0}",2026-02-21 10:02:40.442570,2026-02-20,Rent,TND,,[]
169,1020601,tunisieannonce,http://www.tunisie-annonce.com/AnnoncesImmobilier.asp?rech_cod_pay=TN&rech_cod_vil=10206&rech_cod_loc=1020601,Maisons,Rez de chaussée villa to,Rez de chaussée villa to,1400.0,,,Ariana Essoughr,,Ariana Essoughr,,,,,[],"{'price_text': '1 400', 'data_quality_score': 100.0}",2026-02-21 10:02:40.442570,2026-02-20,Rent,TND,,[]
78,1011734,tunisieannonce,http://www.tunisie-annonce.com/AnnoncesImmobilier.asp?rech_cod_pay=TN&rech_cod_vil=10117&rech_cod_loc=1011734,App. 4 Pièc,Appartement l'aouina,Appartement l'aouina,380000.0,,,El Aouina,,El Aouina,,,,,[],"{'price_text': '380 000', 'data_quality_score': 100.0}",2026-02-21 10:02:40.442570,2026-02-20,Sale,TND,,[]
44,1010808,tunisieannonce,http://www.tunisie-annonce.com/AnnoncesImmobilier.asp?rech_cod_pay=TN&rech_cod_vil=10108&rech_cod_loc=1010808,App. 4 Pièc,Bureau hall plus 3 a,Bureau hall plus 3 a,,,,El Manar 2,,El Manar 2,,,,,[],"{'price_text': '900', 'data_quality_score': 80.0}",2026-02-21 10:02:40.442570,2026-02-20,Sale,TND,,[]
50,1170940,tunisieannonce,http://www.tunisie-annonce.com/AnnoncesImmobilier.asp?rech_cod_pay=TN&rech_cod_vil=11709&rech_cod_loc=1170940,Maisons,Villa verde,Villa verde,830000.0,,,Hammamet,,Hammamet,,,,,[],"{'price_text': '830 000', 'data_quality_score': 100.0}",2026-02-21 10:02:40.442570,2026-02-20,Sale,TND,,[]
106,1020448,tunisieannonce,http://www.tunisie-annonce.com/AnnoncesImmobilier.asp?rech_cod_pay=TN&rech_cod_vil=10204&rech_cod_loc=1020448,App. 2 Pièc,S1 totalement meublé a s,S1 totalement meublé a s,,,,La Soukra,,La Soukra,,,,,[],"{'price_text': '650', 'data_quality_score': 80.0}",2026-02-21 10:02:40.441570,2026-02-20,Rent,TND,,[]
163,1020456,tunisieannonce,http://www.tunisie-annonce.com/AnnoncesImmobilier.asp?rech_cod_pay=TN&rech_cod_vil=10204&rech_cod_loc=1020456,Terrain Nu,Terrain 170 md chotrana,Terrain 170 md chotrana,170000.0,,,Sidi Salah,,Sidi Salah,,,,,[],"{'price_text': '170 000', 'data_quality_score': 100.0}",2026-02-21 10:02:40.441570,2026-02-20,Sale,TND,,[]
46,1020125,tunisieannonce,http://www.tunisie-annonce.com/AnnoncesImmobilier.asp?rech_cod_pay=TN&rech_cod_vil=10201&rech_cod_loc=1020125,App. 4 Pièc,S3 330 md menzah 7bis,S3 330 md menzah 7bis,330000.0,,,El Menzah 7,,El Menzah 7,,,,,[],"{'price_text': '330 000', 'data_quality_score': 100.0}",2026-02-21 10:02:40.441570,2026-02-20,Sale,TND,,[]
13,1020124,tunisieannonce,http://www.tunisie-annonce.com/AnnoncesImmobilier.asp?rech_cod_pay=TN&rech_cod_vil=10201&rech_cod_loc=1020124,Duplex,Bureau hall plus 4 a,Bureau hall plus 4 a,1200.0,,,El Menzah 6,,El Menzah 6,,,,,[],"{'price_text': '1 200', 'data_quality_score': 100.0}",2026-02-21 10:02:37.783705,2026-02-20,Sale,TND,,[]
143,1031215,tunisieannonce,http://www.tunisie-annonce.com/AnnoncesImmobilier.asp?rech_cod_pay=TN&rech_cod_vil=10312&rech_cod_loc=1031215,App. 2 Pièc,2 studios à rades ben arous t,2 studios à rades ben arous t,,,,Rades,,Rades,,,,,[],"{'price_text': '450', 'data_quality_score': 80.0}",2026-02-21 10:02:37.782707,2026-02-20,Rent,TND,,[]
142,1170944,tunisieannonce,http://www.tunisie-annonce.com/AnnoncesImmobilier.asp?rech_cod_pay=TN&rech_cod_vil=11709&rech_cod_loc=1170944,Maisons,Villa romeo,Villa romeo,980000.0,,,Sidi Jedidi,,Sidi Jedidi,,,,,[],"{'price_text': '980 000', 'data_quality_score': 100.0}",2026-02-21 10:02:37.782707,2026-02-20,Sale,TND,,[]
150,1011709,tunisieannonce,http://www.tunisie-annonce.com/AnnoncesImmobilier.asp?rech_cod_pay=TN&rech_cod_vil=10117&rech_cod_loc=1011709,App. 4 Pièc,Etage de villa suite à cité d,Etage de villa suite à cité d,1400.0,,,Cite Des Juges,,Cite Des Juges,,,,,[],"{'price_text': '1 400', 'data_quality_score': 100.0}",2026-02-21 10:02:37.782707,2026-02-20,Rent,TND,,[]
152,1010309,tunisieannonce,http://www.tunisie-annonce.com/AnnoncesImmobilier.asp?rech_cod_pay=TN&rech_cod_vil=10103&rech_cod_loc=1010309,App. 1 Pièc,Belle studio meubler à sidi b,Belle studio meubler à sidi b,1200.0,,,Sidi Bousaid,,Sidi Bousaid,,,,,[],"{'price_text': '1 200', 'data_quality_score': 100.0}",2026-02-21 10:02:37.782707,2026-02-20,Rent,TND,,[]
140,1171613,tunisieannonce,http://www.tunisie-annonce.com/AnnoncesImmobilier.asp?rech_cod_pay=TN&rech_cod_vil=11716&rech_cod_loc=1171613,Terrain Agr,Petite ferme à takelsa,Petite ferme à takelsa,260000.0,,,Sidi Issa,,Sidi Issa,,,,,[],"{'price_text': '260 000', 'data_quality_score': 100.0}",2026-02-21 10:02:37.782707,2026-02-20,Sale,TND,,[]
153,1010401,tunisieannonce,http://www.tunisie-annonce.com/AnnoncesImmobilier.asp?rech_cod_pay=TN&rech_cod_vil=10104&rech_cod_loc=1010401,App. 3 Pièc,Hall plus 3 loc a ci,Hall plus 3 loc a ci,,,,Cite El Khadra,,Cite El Khadra,,,,,[],"{'price_text': '720', 'data_quality_score': 80.0}",2026-02-21 10:02:37.782707,2026-02-20,Rent,TND,,[]
16,1012202,tunisieannonce,http://www.tunisie-annonce.com/AnnoncesImmobilier.asp?rech_cod_pay=TN&rech_cod_vil=10122&rech_cod_loc=1012202,App. 1 Pièc,Une belle studio,Une belle studio,,,,Ain Zaghouan,,Ain Zaghouan,,,,,[],"{'price_text': '750', 'data_quality_score': 80.0}",2026-02-21 10:02:37.782707,2026-02-20,Rent,TND,,[]
145,1020101,tunisieannonce,http://www.tunisie-annonce.com/AnnoncesImmobilier.asp?rech_cod_pay=TN&rech_cod_vil=10201&rech_cod_loc=1020101,Terrain Nu,Pour duplex ter 211m2 en,Pour duplex ter 211m2 en,147000.0,,,Ariana,,Ariana,,,,,[],"{'price_text': '147 000', 'data_quality_score': 100.0}",2026-02-21 10:02:37.782707,2026-02-20,Sale,TND,,[]
148,1011107,tunisieannonce,http://www.tunisie-annonce.com/AnnoncesImmobilier.asp?rech_cod_pay=TN&rech_cod_vil=10111&rech_cod_loc=1011107,App. 2 Pièc,Pour célibataires,Pour célibataires,,,,Lakagnia,,Lakagnia,,,,,[],"{'price_text': '280', 'data_quality_score': 80.0}",2026-02-21 10:02:37.782707,2026-02-20,Rent,TND,,[]
105,1210410,tunisieannonce,http://www.tunisie-annonce.com/AnnoncesImmobilier.asp?rech_cod_pay=TN&rech_cod_vil=12104&rech_cod_loc=1210410,Terrain Nu,Rez de chaussé pour famille,Rez de chaussé pour famille,230000.0,,,Hammam Sousse,,Hammam Sousse,,,,,[],"{'price_text': '230 000', 'data_quality_score': 100.0}",2026-02-21 10:02:37.781707,2026-02-20,Sale,TND,,[]
5,1210706,tunisieannonce,http://www.tunisie-annonce.com/AnnoncesImmobilier.asp?rech_cod_pay=TN&rech_cod_vil=12107&rech_cod_loc=1210706,Maisons,Terrain nu kalaa sghiran lot,Terrain nu kalaa sghiran lot,302400.0,,,Kalaa Essghira,,Kalaa Essghira,,,,,[],"{'price_text': '302 400', 'data_quality_score': 100.0}",2026-02-21 10:02:37.781707,2026-02-20,Sale,TND,,[]
137,1210619,tunisieannonce,http://www.tunisie-annonce.com/AnnoncesImmobilier.asp?rech_cod_pay=TN&rech_cod_vil=12106&rech_cod_loc=1210619,Maisons,Villa avec maison 3arbi,Villa avec maison 3arbi,300000.0,,,Kalaa El Kebira,,Kalaa El Kebira,,,,,[],"{'price_text': '300 000', 'data_quality_score': 100.0}",2026-02-21 10:02:37.781707,2026-02-20,Sale,TND,,[]
116,1211412,tunisieannonce,http://www.tunisie-annonce.com/AnnoncesImmobilier.asp?rech_cod_pay=TN&rech_cod_vil=12114&rech_cod_loc=1211412,Terrain Nu,Terrain nu a kantaoui,Terrain nu a kantaoui,624000.0,,,Sousse,,Sousse,,,,,[],"{'price_text': '624 000', 'data_quality_score': 100.0}",2026-02-21 10:02:37.781707,2026-02-20,Sale,TND,,[]
112,1020705,tunisieannonce,http://www.tunisie-annonce.com/AnnoncesImmobilier.asp?rech_cod_pay=TN&rech_cod_vil=10207&rech_cod_loc=1020705,Terrain Nu,Terrain nu chorfech 4,Terrain nu chorfech 4,250000.0,,,Chorfech,,Chorfech,,,,,[],"{'price_text': '250 000', 'data_quality_score': 100.0}",2026-02-21 10:02:35.157583,2026-02-20,Sale,TND,,[]
122,1150713,tunisieannonce,http://www.tunisie-annonce.com/AnnoncesImmobilier.asp?rech_cod_pay=TN&rech_cod_vil=11507&rech_cod_loc=1150713,App. 3 Pièc,Appartement vue sur mer,Appartement vue sur mer,,,,Midoun,,Midoun,,,,,[],"{'price_text': '750', 'data_quality_score': 80.0}",2026-02-21 10:02:35.157583,2026-02-20,Rent,TND,,[]
11,1020613,tunisieannonce,http://www.tunisie-annonce.com/AnnoncesImmobilier.asp?rech_cod_pay=TN&rech_cod_vil=10206&rech_cod_loc=1020613,Maisons,Villa moderne de style a,Villa moderne de style a,1280000.0,,,Cite El Ghazala,,Cite El Ghazala,,,,,[],"{'price_text': '1 280 000', 'data_quality_score': 100.0}",2026-02-21 10:02:35.157583,2026-02-20,Sale,TND,,[]
120,1140721,tunisieannonce,http://www.tunisie-annonce.com/AnnoncesImmobilier.asp?rech_cod_pay=TN&rech_cod_vil=11407&rech_cod_loc=1140721,Terrain Nu,Terrain viabilise,Terrain viabilise,120000.0,,,Oued Ellil,,Oued Ellil,,,,,[],"{'price_text': '120 000', 'data_quality_score': 100.0}",2026-02-21 10:02:35.157583,2026-02-20,Sale,TND,,[]
124,1210402,tunisieannonce,http://www.tunisie-annonce.com/AnnoncesImmobilier.asp?rech_cod_pay=TN&rech_cod_vil=12104&rech_cod_loc=1210402,Surfaces,Villa pour famille avec deux,Villa pour famille avec deux,1200000.0,,,Cite De La Plag,,Cite De La Plag,,,,,[],"{'price_text': '1 200 000', 'data_quality_score': 100.0}",2026-02-21 10:02:35.157583,2026-02-20,Sale,TND,,[]
110,1160815,tunisieannonce,http://www.tunisie-annonce.com/AnnoncesImmobilier.asp?rech_cod_pay=TN&rech_cod_vil=11608&rech_cod_loc=1160815,Terrain Nu,Titre bleue cartier calme,Titre bleue cartier calme,1315800.0,,,Monastir,,Monastir,,,,,[],"{'price_text': '1 315 800', 'data_quality_score': 100.0}",2026-02-21 10:02:35.156586,2026-02-20,Sale,TND,,[]
58,1020602,tunisieannonce,http://www.tunisie-annonce.com/AnnoncesImmobilier.asp?rech_cod_pay=TN&rech_cod_vil=10206&rech_cod_loc=1020602,Terrain Nu,Terrain nu borj touil 2,Terrain nu borj touil 2,738500.0,,,Borj Touil,,Borj Touil,,,,,[],"{'price_text': '738 500', 'data_quality_score': 100.0}",2026-02-21 10:02:35.156586,2026-02-20,Sale,TND,,[]
111,1020732,tunisieannonce,http://www.tunisie-annonce.com/AnnoncesImmobilier.asp?rech_cod_pay=TN&rech_cod_vil=10207&rech_cod_loc=1020732,Maisons,Maisons sidi thabet,Maisons sidi thabet,500000.0,,,Sidi Thabet,,Sidi Thabet,,,,,[],"{'price_text': '500 000', 'data_quality_score': 100.0}",2026-02-21 10:02:35.156586,2026-02-20,Sale,TND,,[]
109,1211206,tunisieannonce,http://www.tunisie-annonce.com/AnnoncesImmobilier.asp?rech_cod_pay=TN&rech_cod_vil=12112&rech_cod_loc=1211206,Terrain Nu,Sousse sahloul,Sousse sahloul,3086740.0,,,Cite Sahloul,,Cite Sahloul,,,,,[],"{'price_text': '3 086 740', 'data_quality_score': 100.0}",2026-02-21 10:02:35.156586,2026-02-20,Sale,TND,,[]
103,1211012,tunisieannonce,http://www.tunisie-annonce.com/AnnoncesImmobilier.asp?rech_cod_pay=TN&rech_cod_vil=12110&rech_cod_loc=1211012,Terrain Nu,Terrain nu sidi bou ali,Terrain nu sidi bou ali,2200000.0,,,Sidi Bou Ali,,Sidi Bou Ali,,,,,[],"{'price_text': '2 200 000', 'data_quality_score': 100.0}",2026-02-21 10:02:35.155584,2026-02-20,Sale,TND,,[]
43,1010405,tunisieannonce,http://www.tunisie-annonce.com/AnnoncesImmobilier.asp?rech_cod_pay=TN&rech_cod_vil=10104&rech_cod_loc=1010405,App. 4 Pièc,Ter 623m2 facade 28m angl,Ter 623m2 facade 28m angl,1500000.0,,,Cite Oplympique,,Cite Oplympique,,,,,[],"{'price_text': '1 500 000', 'data_quality_score': 100.0}",2026-02-21 10:02:32.442385,2026-02-20,Sale,TND,,[]
98,1170905,tunisieannonce,http://www.tunisie-annonce.com/AnnoncesImmobilier.asp?rech_cod_pay=TN&rech_cod_vil=11709&rech_cod_loc=1170905,App. 1 Pièc,S1 meublé afh mrezga,S1 meublé afh mrezga,,,,Cite Afh,,Cite Afh,,,,,[],"{'price_text': '1 000', 'data_quality_score': 80.0}",2026-02-21 10:02:32.442385,2026-02-20,Rent,TND,,[]
4,1011733,tunisieannonce,http://www.tunisie-annonce.com/AnnoncesImmobilier.asp?rech_cod_pay=TN&rech_cod_vil=10117&rech_cod_loc=1011733,Terrain Nu,Aaprt de luxe avec jardins et,Aaprt de luxe avec jardins et,2800.0,,,Sidi Daoud,,Sidi Daoud,,,,,[],"{'price_text': '2 800', 'data_quality_score': 100.0}",2026-02-21 10:02:32.442385,2026-02-20,Rent,TND,,[]
99,1170945,tunisieannonce,http://www.tunisie-annonce.com/AnnoncesImmobilier.asp?rech_cod_pay=TN&rech_cod_vil=11709&rech_cod_loc=1170945,Terrain Agr,Terrain 312 m hammamet,Terrain 312 m hammamet,78000.0,,,Zone Hoteliere,,Zone Hoteliere,,,,,[],"{'price_text': '78 000', 'data_quality_score': 100.0}",2026-02-21 10:02:32.442385,2026-02-20,Sale,TND,,[]
74,1170518,tunisieannonce,http://www.tunisie-annonce.com/AnnoncesImmobilier.asp?rech_cod_pay=TN&rech_cod_vil=11705&rech_cod_loc=1170518,App. 4 Pièc,Terrain de 2000m2 a la m,Terrain de 2000m2 a la m,150000.0,,,El Haouaria,,El Haouaria,,,,,[],"{'price_text': '150 000', 'data_quality_score': 100.0}",2026-02-21 10:02:32.441352,2026-02-20,Sale,TND,,[]
59,1020639,tunisieannonce,http://www.tunisie-annonce.com/AnnoncesImmobilier.asp?rech_cod_pay=TN&rech_cod_vil=10206&rech_cod_loc=1020639,Terrain Nu,Terrain à raoued sidi am,Terrain à raoued sidi am,48000.0,,,Raoued,,Raoued,,,,,[],"{'price_text': '48 000', 'data_quality_score': 100.0}",2026-02-21 10:02:32.441352,2026-02-20,Sale,TND,,[]
75,1170516,tunisieannonce,http://www.tunisie-annonce.com/AnnoncesImmobilier.asp?rech_cod_pay=TN&rech_cod_vil=11705&rech_cod_loc=1170516,Maisons,Terrain de 630m2 de vue,Terrain de 630m2 de vue,220000.0,,,Cite Touristiqu,,Cite Touristiqu,,,,,[],"{'price_text': '220 000', 'data_quality_score': 100.0}",2026-02-21 10:02:32.441352,2026-02-20,Sale,TND,,[]
88,1020455,tunisieannonce,http://www.tunisie-annonce.com/AnnoncesImmobilier.asp?rech_cod_pay=TN&rech_cod_vil=10204&rech_cod_loc=1020455,App. 3 Pièc,Villa sidi frej,Villa sidi frej,600000.0,,,Sidi Frej,,Sidi Frej,,,,,[],"{'price_text': '600 000', 'data_quality_score': 100.0}",2026-02-21 10:02:32.441352,2026-02-20,Sale,TND,,[]
93,1041001,tunisieannonce,http://www.tunisie-annonce.com/AnnoncesImmobilier.asp?rech_cod_pay=TN&rech_cod_vil=10410&rech_cod_loc=1041001,Surfaces,Local commercial de 35 m,Local commercial de 35 m,1200.0,,,Cite 7 Novembre,,Cite 7 Novembre,,,,,[],"{'price_text': '1 200', 'data_quality_score': 100.0}",2026-02-21 10:02:32.441352,2026-02-20,Rent,TND,,[]
21,1020114,tunisieannonce,http://www.tunisie-annonce.com/AnnoncesImmobilier.asp?rech_cod_pay=TN&rech_cod_vil=10201&rech_cod_loc=1020114,App. 2 Pièc,Bureau a la mezzanine,Bureau a la mezzanine,,,,Cite Ennasr 1,,Cite Ennasr 1,,,,,[],"{'price_text': '900', 'data_quality_score': 80.0}",2026-02-21 10:02:32.440352,2026-02-20,Sale,TND,,[]
86,1010304,tunisieannonce,http://www.tunisie-annonce.com/AnnoncesImmobilier.asp?rech_cod_pay=TN&rech_cod_vil=10103&rech_cod_loc=1010304,Maisons,Villa de charme a cartha,Villa de charme a cartha,5400000.0,,,Carthage,,Carthage,,,,,[],"{'price_text': '5 400 000', 'data_quality_score': 100.0}",2026-02-21 10:02:32.440352,2026-02-20,Sale,TND,,[]
85,1012201,tunisieannonce,http://www.tunisie-annonce.com/AnnoncesImmobilier.asp?rech_cod_pay=TN&rech_cod_vil=10122&rech_cod_loc=1012201,App. 2 Pièc,S2 luxe au jardin de car,S2 luxe au jardin de car,450000.0,,,Jardins de Cart,,Jardins de Cart,,,,,[],"{'price_text': '450 000', 'data_quality_score': 100.0}",2026-02-21 10:02:32.440352,2026-02-20,Sale,TND,,[]
82,1090815,tunisieannonce,http://www.tunisie-annonce.com/AnnoncesImmobilier.asp?rech_cod_pay=TN&rech_cod_vil=10908&rech_cod_loc=1090815,Terrain Nu,Terrain de 5560 m à kair,Terrain de 5560 m à kair,250000.0,,,Kairouan Sud,,Kairouan Sud,,,,,[],"{'price_text': '250 000', 'data_quality_score': 100.0}",2026-02-21 10:02:32.440352,2026-02-20,Sale,TND,,[]
62,1211210,tunisieannonce,http://www.tunisie-annonce.com/AnnoncesImmobilier.asp?rech_cod_pay=TN&rech_cod_vil=12112&rech_cod_loc=1211210,App. 2 Pièc,S2 sans meuble pour un s,S2 sans meuble pour un s,,,,Sahloul,,Sahloul,,,,,[],"{'price_text': '550', 'data_quality_score': 80.0}",2026-02-21 10:02:29.511073,2026-02-21,Rent,TND,,[]
60,1211212,tunisieannonce,http://www.tunisie-annonce.com/AnnoncesImmobilier.asp?rech_cod_pay=TN&rech_cod_vil=12112&rech_cod_loc=1211212,App. 2 Pièc,Local a khezama,Local a khezama,,,,Sousse Khezama,,Sousse Khezama,,,,,[],"{'price_text': '1 000', 'data_quality_score': 80.0}",2026-02-21 10:02:29.511073,2026-02-21,Rent,TND,,[]
63,1030603,tunisieannonce,http://www.tunisie-annonce.com/AnnoncesImmobilier.asp?rech_cod_pay=TN&rech_cod_vil=10306&rech_cod_loc=1030603,Terrain Nu,Gps terrain jumele viabilisé,Gps terrain jumele viabilisé,210000.0,,,Hammam Chatt,,Hammam Chatt,,,,,[],"{'price_text': '210 000', 'data_quality_score': 100.0}",2026-02-21 10:02:29.511073,2026-02-21,Sale,TND,,[]
61,1211413,tunisieannonce,http://www.tunisie-annonce.com/AnnoncesImmobilier.asp?rech_cod_pay=TN&rech_cod_vil=12114&rech_cod_loc=1211413,App. 2 Pièc,Belle résidence à 200m d,Belle résidence à 200m d,970000.0,,,Sousse Corniche,,Sousse Corniche,,,,,[],"{'price_text': '970 000', 'data_quality_score': 100.0}",2026-02-21 10:02:29.511073,2026-02-21,Sale,TND,,[]
2,1011735,tunisieannonce,http://www.tunisie-annonce.com/AnnoncesImmobilier.asp?rech_cod_pay=TN&rech_cod_vil=10117&rech_cod_loc=1011735,Duplex,Un rdc de villa s3,Un rdc de villa s3,1800.0,,,Marsa Ennassim,,Marsa Ennassim,,,,,[],"{'price_text': '1 800', 'data_quality_score': 100.0}",2026-02-21 10:02:29.511073,2026-02-21,Rent,TND,,[]
56,1020704,tunisieannonce,http://www.tunisie-annonce.com/AnnoncesImmobilier.asp?rech_cod_pay=TN&rech_cod_vil=10207&rech_cod_loc=1020704,Terrain Nu,Terrain nu cebalet ben ammar,Terrain nu cebalet ben ammar,350000.0,,,Cebalet Ben Amm,,Cebalet Ben Amm,,,,,[],"{'price_text': '350 000', 'data_quality_score': 100.0}",2026-02-21 10:02:29.510073,2026-02-21,Sale,TND,,[]
57,1140202,tunisieannonce,http://www.tunisie-annonce.com/AnnoncesImmobilier.asp?rech_cod_pay=TN&rech_cod_vil=11402&rech_cod_loc=1140202,Terrain Nu,Terrain nu douar hicher,Terrain nu douar hicher,460000.0,,,Douar Hicher,,Douar Hicher,,,,,[],"{'price_text': '460 000', 'data_quality_score': 100.0}",2026-02-21 10:02:29.510073,2026-02-21,Sale,TND,,[]
55,1170903,tunisieannonce,http://www.tunisie-annonce.com/AnnoncesImmobilier.asp?rech_cod_pay=TN&rech_cod_vil=11709&rech_cod_loc=1170903,Maisons,Rez de chaussée de v,Rez de chaussée de v,250000.0,,,Chaabet El Mrez,,Chaabet El Mrez,,,,,[],"{'price_text': '250 000', 'data_quality_score': 100.0}",2026-02-21 10:02:29.510073,2026-02-21,Sale,TND,,[]
49,1171427,tunisieannonce,http://www.tunisie-annonce.com/AnnoncesImmobilier.asp?rech_cod_pay=TN&rech_cod_vil=11714&rech_cod_loc=1171427,App. 4 Pièc,S plus 2 a nabeul wb,S plus 2 a nabeul wb,120000.0,,,Nabeul,,Nabeul,,,,,[],"{'price_text': '120 000', 'data_quality_score': 100.0}",2026-02-21 10:02:29.510073,2026-02-21,Sale,TND,,[]
42,1011908,tunisieannonce,http://www.tunisie-annonce.com/AnnoncesImmobilier.asp?rech_cod_pay=TN&rech_cod_vil=10119&rech_cod_loc=1011908,Duplex,Duplex s plus 2 vte,Duplex s plus 2 vte,130000.0,,,Ksar Said,,Ksar Said,,,,,[],"{'price_text': '130 000', 'data_quality_score': 100.0}",2026-02-21 10:02:26.613419,2026-02-21,Sale,TND,,[]
45,1181542,tunisieannonce,http://www.tunisie-annonce.com/AnnoncesImmobilier.asp?rech_cod_pay=TN&rech_cod_vil=11815&rech_cod_loc=1181542,Maisons,Ancienne villa,Ancienne villa,130000.0,,,Sfax,,Sfax,,,,,[],"{'price_text': '130 000', 'data_quality_score': 100.0}",2026-02-21 10:02:26.613419,2026-02-21,Sale,TND,,[]
41,1170734,tunisieannonce,http://www.tunisie-annonce.com/AnnoncesImmobilier.asp?rech_cod_pay=TN&rech_cod_vil=11707&rech_cod_loc=1170734,Autre,Local industriel dépôt g,Local industriel dépôt g,1700000.0,,,Grombalia,,Grombalia,,,,,[],"{'price_text': '1 700 000', 'data_quality_score': 100.0}",2026-02-21 10:02:26.612413,2026-02-21,Sale,TND,,[]
39,1171120,tunisieannonce,http://www.tunisie-annonce.com/AnnoncesImmobilier.asp?rech_cod_pay=TN&rech_cod_vil=11711&rech_cod_loc=1171120,Surfaces,Garage 110 m2,Garage 110 m2,,,,Korba,,Korba,,,,,[],"{'price_text': '650', 'data_quality_score': 80.0}",2026-02-21 10:02:26.612413,2026-02-21,Rent,TND,,[]
35,1011730,tunisieannonce,http://www.tunisie-annonce.com/AnnoncesImmobilier.asp?rech_cod_pay=TN&rech_cod_vil=10117&rech_cod_loc=1011730,Terrain Nu,Terrain pour villa de ma,Terrain pour villa de ma,1930000.0,,,Gammart,,Gammart,,,,,[],"{'price_text': '1 930 000', 'data_quality_score': 100.0}",2026-02-21 10:02:26.611413,2026-02-21,Sale,TND,,[]
33,1030206,tunisieannonce,http://www.tunisie-annonce.com/AnnoncesImmobilier.asp?rech_cod_pay=TN&rech_cod_vil=10302&rech_cod_loc=1030206,Terrain Nu,Terrain cite chebil bou,Terrain cite chebil bou,90000.0,,,Cite Chebil,,Cite Chebil,,,,,[],"{'price_text': '90 000', 'data_quality_score': 100.0}",2026-02-21 10:02:26.611413,2026-02-21,Sale,TND,,[]
37,1041421,tunisieannonce,http://www.tunisie-annonce.com/AnnoncesImmobilier.asp?rech_cod_pay=TN&rech_cod_vil=10414&rech_cod_loc=1041421,Autre,Projet complet d'une mai,Projet complet d'une mai,4500000.0,,,Utique,,Utique,,,,,[],"{'price_text': '4 500 000', 'data_quality_score': 100.0}",2026-02-21 10:02:26.611413,2026-02-21,Sale,TND,,[]
32,1030201,tunisieannonce,http://www.tunisie-annonce.com/AnnoncesImmobilier.asp?rech_cod_pay=TN&rech_cod_vil=10302&rech_cod_loc=1030201,Maisons,Villa plein pied a boumh,Villa plein pied a boumh,565000.0,,,Bou Mhel,,Bou Mhel,,,,,[],"{'price_text': '565 000', 'data_quality_score': 100.0}",2026-02-21 10:02:26.611413,2026-02-21,Sale,TND,,[]
31,1030101,tunisieannonce,http://www.tunisie-annonce.com/AnnoncesImmobilier.asp?rech_cod_pay=TN&rech_cod_vil=10301&rech_cod_loc=1030101,Maisons,Villa cité esken ben aro,Villa cité esken ben aro,520000.0,,,Ben Arous,,Ben Arous,,,,,[],"{'price_text': '520 000', 'data_quality_score': 100.0}",2026-02-21 10:02:26.610413,2026-02-21,Sale,TND,,[]
25,1041111,tunisieannonce,http://www.tunisie-annonce.com/AnnoncesImmobilier.asp?rech_cod_pay=TN&rech_cod_vil=10411&rech_cod_loc=1041111,App. 3 Pièc,Des studios meubles a me,Des studios meubles a me,,,,Metline,,Metline,,,,,[],"{'price_text': '250', 'data_quality_score': 80.0}",2026-02-21 10:02:24.309903,2026-02-21,Rent,TND,,[]
15,1010704,tunisieannonce,http://www.tunisie-annonce.com/AnnoncesImmobilier.asp?rech_cod_pay=TN&rech_cod_vil=10107&rech_cod_loc=1010704,App. 3 Pièc,Bel appartement s3 vide côté,Bel appartement s3 vide côté,1200.0,,,Le Kram Est,,Le Kram Est,,,,,[],"{'price_text': '1 200', 'data_quality_score': 100.0}",2026-02-21 10:02:24.308961,2026-02-21,Rent,TND,,[]
17,1010703,tunisieannonce,http://www.tunisie-annonce.com/AnnoncesImmobilier.asp?rech_cod_pay=TN&rech_cod_vil=10107&rech_cod_loc=1010703,App. 1 Pièc,Appartement suit à el kram,Appartement suit à el kram,,,,Le Kram,,Le Kram,,,,,[],"{'price_text': '850', 'data_quality_score': 80.0}",2026-02-21 10:02:24.308961,2026-02-21,Rent,TND,,[]
20,1010815,tunisieannonce,http://www.tunisie-annonce.com/AnnoncesImmobilier.asp?rech_cod_pay=TN&rech_cod_vil=10108&rech_cod_loc=1010815,App. 3 Pièc,S plus 2 a jeanne d',S plus 2 a jeanne d',210000.0,,,Tunis Belvedere,,Tunis Belvedere,,,,,[],"{'price_text': '210 000', 'data_quality_score': 100.0}",2026-02-21 10:02:24.308961,2026-02-21,Sale,TND,,[]
14,1010101,tunisieannonce,http://www.tunisie-annonce.com/AnnoncesImmobilier.asp?rech_cod_pay=TN&rech_cod_vil=10101&rech_cod_loc=1010101,App. 3 Pièc,Demande collocataire,Demande collocataire,,,,Bab Bhar,,Bab Bhar,,,,,[],"{'price_text': '220', 'data_quality_score': 80.0}",2026-02-21 10:02:24.307963,2026-02-21,Rent,TND,,[]
9,1020703,tunisieannonce,http://www.tunisie-annonce.com/AnnoncesImmobilier.asp?rech_cod_pay=TN&rech_cod_vil=10207&rech_cod_loc=1020703,Maisons,Ariana borj youssef vnt,Ariana borj youssef vnt,700000.0,,,Borj Youssef,,Borj Youssef,,,,,[],"{'price_text': '700 000', 'data_quality_score': 100.0}",2026-02-21 10:02:24.307963,2026-02-21,Sale,TND,,[]
10,1010105,tunisieannonce,http://www.tunisie-annonce.com/AnnoncesImmobilier.asp?rech_cod_pay=TN&rech_cod_vil=10101&rech_cod_loc=1010105,Bureau,Bureau lux neuf 4 pièces 2 s,Bureau lux neuf 4 pièces 2 s,2000.0,,,Montplaisir,,Montplaisir,,,,,[],"{'price_text': '2 000', 'data_quality_score': 100.0}",2026-02-21 10:02:24.307963,2026-02-21,Sale,TND,,[]
3,1011909,tunisieannonce,http://www.tunisie-annonce.com/AnnoncesImmobilier.asp?rech_cod_pay=TN&rech_cod_vil=10119&rech_cod_loc=1011909,App. 2 Pièc,Bel appart complètement meubl,Bel appart complètement meubl,,,,Le Bardo,,Le Bardo,,,,,[],"{'price_text': '900', 'data_quality_score': 80.0}",2026-02-21 10:02:22.021739,2026-02-21,Rent,TND,,[]
293,1020501,tunisieannonce,http://www.tunisie-annonce.com/AnnoncesImmobilier.asp?rech_cod_pay=TN&rech_cod_vil=10205&rech_cod_loc=1020501,Terrain Nu,Jardin menzah2 vnt ter,Jardin menzah2 vnt ter,400000.0,,,Cite Ali Bourgu,,Cite Ali Bourgu,,,,,[],"{'price_text': '400 000', 'data_quality_score': 100.0}",2026-02-21 10:02:22.019739,2026-02-21,Sale,TND,,[]
258,1030427,tunisieannonce,http://www.tunisie-annonce.com/AnnoncesImmobilier.asp?rech_cod_pay=TN&rech_cod_vil=10304&rech_cod_loc=1030427,App. 3 Pièc,Villa mongi slim,Villa mongi slim,345000.0,,,Ezzahra,,Ezzahra,,,,,[],"{'price_text': '345 000', 'data_quality_score': 100.0}",2026-02-21 10:02:22.019739,2026-02-21,Sale,TND,,[]
280,1020730,tunisieannonce,http://www.tunisie-annonce.com/AnnoncesImmobilier.asp?rech_cod_pay=TN&rech_cod_vil=10207&rech_cod_loc=1020730,Terrain Nu,Terrain nu jabbes,Terrain nu jabbes,420000.0,,,Jabbes,,Jabbes,,,,,[],"{'price_text': '420 000', 'data_quality_score': 100.0}",2026-02-21 10:02:22.017735,2026-02-21,Sale,TND,,[]
275,1020127,tunisieannonce,http://www.tunisie-annonce.com/AnnoncesImmobilier.asp?rech_cod_pay=TN&rech_cod_vil=10201&rech_cod_loc=1020127,Maisons,Rdc villa 2200d bureauti,Rdc villa 2200d bureauti,2200.0,,,Nouvelle Ariana,,Nouvelle Ariana,,,,,[],"{'price_text': '2 200', 'data_quality_score': 100.0}",2026-02-21 10:02:22.017735,2026-02-21,Rent,TND,,[]
220,1030602,tunisieannonce,http://www.tunisie-annonce.com/AnnoncesImmobilier.asp?rech_cod_pay=TN&rech_cod_vil=10306&rech_cod_loc=1030602,Bureau,Villa et studio borj ced,Villa et studio borj ced,355000.0,,,Borj Cedria,,Borj Cedria,,,,,[],"{'price_text': '355 000', 'data_quality_score': 100.0}",2026-02-21 10:02:19.692114,2026-02-21,Sale,TND,,[]
199,1020123,tunisieannonce,http://www.tunisie-annonce.com/AnnoncesImmobilier.asp?rech_cod_pay=TN&rech_cod_vil=10201&rech_cod_loc=1020123,App. 3 Pièc,Studio meublé par nuitée cli,Studio meublé par nuitée cli,,,,El Menzah 5,,El Menzah 5,,,,,[],"{'price_text': '1 000', 'data_quality_score': 80.0}",2026-02-21 10:02:19.692114,2026-02-21,Rent,TND,,[]
146,1020102,tunisieannonce,http://www.tunisie-annonce.com/AnnoncesImmobilier.asp?rech_cod_pay=TN&rech_cod_vil=10201&rech_cod_loc=1020102,App. 3 Pièc,Borj baccouch ariana appt,Borj baccouch ariana appt,1200.0,,,Borj El Baccouc,,Borj El Baccouc,,,,,[],"{'price_text': '1 200', 'data_quality_score': 100.0}",2026-02-21 10:02:19.691117,2026-02-21,Rent,TND,,[]
252,1020511,tunisieannonce,http://www.tunisie-annonce.com/AnnoncesImmobilier.asp?rech_cod_pay=TN&rech_cod_vil=10205&rech_cod_loc=1020511,Autre,Jardin el menzeh 2,Jardin el menzeh 2,8055000.0,,,Cite Rous El Ha,,Cite Rous El Ha,,,,,[],"{'price_text': '8 055 000', 'data_quality_score': 100.0}",2026-02-21 10:02:19.690108,2026-02-21,Sale,TND,,[]
251,1030719,tunisieannonce,http://www.tunisie-annonce.com/AnnoncesImmobilier.asp?rech_cod_pay=TN&rech_cod_vil=10307&rech_cod_loc=1030719,Maisons,Immeuble hammam lif,Immeuble hammam lif,360000.0,,,Hammam Lif,,Hammam Lif,,,,,[],"{'price_text': '360 000', 'data_quality_score': 100.0}",2026-02-21 10:02:19.690108,2026-02-21,Sale,TND,,[]
762,1020402,tunisieannonce,http://www.tunisie-annonce.com/AnnoncesImmobilier.asp?rech_cod_pay=TN&rech_cod_vil=10204&rech_cod_loc=1020402,App. 4 Pièc,Appartement s plus 3,Appartement s plus 3,,,,Borj Louzir,,Borj Louzir,,,,,[],"{'price_text': '650', 'data_quality_score': 80.0}",2026-02-21 10:02:17.400900,2026-02-21,Rent,TND,,[]
760,1070503,tunisieannonce,http://www.tunisie-annonce.com/AnnoncesImmobilier.asp?rech_cod_pay=TN&rech_cod_vil=10705&rech_cod_loc=1070503,Terrain Agr,Terrain agricole pra,Terrain agricole pra,450000.0,,,Ouled Zid,,Ouled Zid,,,,,[],"{'price_text': '450 000', 'data_quality_score': 100.0}",2026-02-21 10:02:17.400900,2026-02-21,Sale,TND,,[]
761,1012007,tunisieannonce,http://www.tunisie-annonce.com/AnnoncesImmobilier.asp?rech_cod_pay=TN&rech_cod_vil=10120&rech_cod_loc=1012007,Maisons,Villa soleil à montf,Villa soleil à montf,600000.0,,,Monfleury,,Monfleury,,,,,[],"{'price_text': '600 000', 'data_quality_score': 100.0}",2026-02-21 10:02:17.400900,2026-02-21,Sale,TND,,[]
757,1210502,tunisieannonce,http://www.tunisie-annonce.com/AnnoncesImmobilier.asp?rech_cod_pay=TN&rech_cod_vil=12105&rech_cod_loc=1210502,Terrain Nu,Terrain ahergla,Terrain ahergla,119000.0,,,Hergla,,Hergla,,,,,[],"{'price_text': '119 000', 'data_quality_score': 100.0}",2026-02-21 10:02:17.400900,2026-02-21,Sale,TND,,[]
751,1020513,tunisieannonce,http://www.tunisie-annonce.com/AnnoncesImmobilier.asp?rech_cod_pay=TN&rech_cod_vil=10205&rech_cod_loc=1020513,Terrain Nu,Terrain pour construction,Terrain pour construction,161850.0,,,Mnihla,,Mnihla,,,,,[],"{'price_text': '161 850', 'data_quality_score': 100.0}",2026-02-21 10:02:17.399900,2026-02-21,Sale,TND,,[]
753,1011907,tunisieannonce,http://www.tunisie-annonce.com/AnnoncesImmobilier.asp?rech_cod_pay=TN&rech_cod_vil=10119&rech_cod_loc=1011907,App. 2 Pièc,Studio vides,Studio vides,,,,Khaznadar,,Khaznadar,,,,,[],"{'price_text': '400', 'data_quality_score': 80.0}",2026-02-21 10:02:17.399900,2026-02-21,Rent,TND,,[]
201,1210102,tunisieannonce,http://www.tunisie-annonce.com/AnnoncesImmobilier.asp?rech_cod_pay=TN&rech_cod_vil=12101&rech_cod_loc=1210102,App. 2 Pièc,S2 pieds dans l eau pied,S2 pieds dans l eau pied,11111.0,,,Chatt Meriem,,Chatt Meriem,,,,,[],"{'price_text': '11 111', 'data_quality_score': 100.0}",2026-02-21 09:49:21.158881,2026-02-20,Sale,TND,,[]
198,1010106,tunisieannonce,http://www.tunisie-annonce.com/AnnoncesImmobilier.asp?rech_cod_pay=TN&rech_cod_vil=10101&rech_cod_loc=1010106,Bureau,Bureau hall plus 3 a,Bureau hall plus 3 a,,,,Republique,,Republique,,,,,[],"{'price_text': '850', 'data_quality_score': 80.0}",2026-02-21 09:49:21.157883,2026-02-20,Sale,TND,,[]
192,1150421,tunisieannonce,http://www.tunisie-annonce.com/AnnoncesImmobilier.asp?rech_cod_pay=TN&rech_cod_vil=11504&rech_cod_loc=1150421,Autre,Terrain potentiel à 3 km,Terrain potentiel à 3 km,1020000.0,,,Djerba,,Djerba,,,,,[],"{'price_text': '1 020 000', 'data_quality_score': 100.0}",2026-02-21 09:49:21.156877,2026-02-20,Sale,TND,,[]
209,1010816,tunisieannonce,http://www.tunisie-annonce.com/AnnoncesImmobilier.asp?rech_cod_pay=TN&rech_cod_vil=10108&rech_cod_loc=1010816,Maisons,Villa sur 3 niveaux,Villa sur 3 niveaux,3800.0,,,El Manar 1,,El Manar 1,,,,,[],{'data_quality_score': 100.0},2026-02-21 09:39:25.361874,2026-02-20,Rent,TND,,[]
234,1020403,tunisieannonce,http://www.tunisie-annonce.com/AnnoncesImmobilier.asp?rech_cod_pay=TN&rech_cod_vil=10204&rech_cod_loc=1020403,Terrain Nu,Terrain à la charguia 1,Terrain à la charguia 1,3005600.0,,,Charguia 1,,Charguia 1,,,,,[],{'data_quality_score': 100.0},2026-02-21 09:22:56.760405,2026-02-20,Sale,TND,,[]
229,1010201,tunisieannonce,http://www.tunisie-annonce.com/AnnoncesImmobilier.asp?rech_cod_pay=TN&rech_cod_vil=10102&rech_cod_loc=1010201,App. 2 Pièc,Appart s2 el khirbab,Appart s2 el khirbab,120000.0,,,Bab El Akoues,,Bab El Akoues,,,,,[],{'data_quality_score': 100.0},2026-02-21 09:22:56.759379,2026-02-20,Sale,TND,,[]
221,1020126,tunisieannonce,http://www.tunisie-annonce.com/AnnoncesImmobilier.asp?rech_cod_pay=TN&rech_cod_vil=10201&rech_cod_loc=1020126,App. 2 Pièc,S1 meublé à menzah8,S1 meublé à menzah8,,,,El Menzah 8,,El Menzah 8,,,,,[],{'data_quality_score': 80.0},2026-02-21 09:22:54.089235,2026-02-20,Rent,TND,,[]
